{
    "test_loss": 3.0934855937957764,
    "test_acc": 0.7700534462928772
}
