{
    "test_loss": 3.2775285243988037,
    "test_acc": 0.7726969122886658
}
