{
    "test_loss": 2.845146894454956,
    "test_acc": 0.7737284898757935
}
