{
    "test_loss": 2.9836411476135254,
    "test_acc": 0.7650602459907532
}
