{
    "test_loss": 3.112262725830078,
    "test_acc": 0.7715430855751038
}
