step	accuracy
0	0.22652342915534973
1	0.26967957615852356
2	0.2672717273235321
3	0.2807927429676056
4	0.2817188501358032
5	0.28245970606803894
6	0.285423219203949
7	0.27579182386398315
8	0.28042230010032654
9	0.28060752153396606
10	0.28116318583488464
11	0.28727543354034424
12	0.27968141436576843
13	0.29005372524261475
14	0.28134840726852417
