step	accuracy
0	0.11947762966156006
1	0.2181161493062973
2	0.25923869013786316
3	0.2697971761226654
4	0.2836899161338806
5	0.28035566210746765
6	0.27896636724472046
7	0.2825784981250763
8	0.2881355881690979
9	0.28341206908226013
10	0.2797999382019043
11	0.2892470061779022
12	0.2864684760570526
13	0.2878577411174774
14	0.2856349050998688
