step	accuracy
0	0.0
1	0.19733184576034546
2	0.2518065571784973
3	0.2523624300956726
4	0.23457476496696472
5	0.2673707604408264
6	0.27737632393836975
7	0.2723735272884369
8	0.2829349637031555
9	0.2657031714916229
10	0.2823790907859802
11	0.2712618112564087
12	0.2834908366203308
13	0.281267374753952
14	0.27404114603996277
