step	accuracy
0	0.16625916957855225
1	0.2600577771663666
2	0.28050678968429565
3	0.2853967547416687
4	0.27583906054496765
5	0.27517226338386536
6	0.28517448902130127
7	0.28117358684539795
8	0.28517448902130127
9	0.2822849452495575
10	0.2845076620578766
11	0.2825072109699249
12	0.2878417372703552
13	0.2838408648967743
14	0.28517448902130127
