step	accuracy
0	0.0
1	0.14619232714176178
2	0.19955530762672424
3	0.24291272461414337
4	0.2223457545042038
5	0.24235686659812927
6	0.24735964834690094
7	0.26125624775886536
8	0.2712618112564087
9	0.2823790907859802
10	0.2712618112564087
11	0.28071150183677673
12	0.2818232476711273
13	0.28071150183677673
14	0.27848803997039795
