step	accuracy
0	0.01963690295815468
1	0.23823638260364532
2	0.2608373463153839
3	0.26861801743507385
4	0.2693590223789215
5	0.2778806984424591
6	0.27825120091438293
7	0.2749166488647461
8	0.27862170338630676
9	0.27825120091438293
10	0.2778806984424591
11	0.28566136956214905
12	0.28010374307632446
13	0.27862170338630676
14	0.2745461165904999
