step	loss
0	9.568564414978027
1	9.557297706604004
2	8.258834838867188
3	7.948192119598389
4	8.006277084350586
5	7.806223392486572
6	7.646671295166016
7	7.90934419631958
8	7.729640960693359
9	7.72587776184082
10	7.76877498626709
11	7.972259044647217
12	8.12596321105957
13	8.668869972229004
14	8.57177734375
