step	loss
0	9.08623218536377
1	8.446440696716309
2	8.164793014526367
3	8.458560943603516
4	8.664386749267578
5	9.171964645385742
6	9.041038513183594
7	9.620940208435059
8	9.459789276123047
9	9.373763084411621
10	9.306136131286621
11	9.864249229431152
12	9.796497344970703
13	9.439229965209961
14	9.281545639038086
