step	loss
0	9.900578498840332
1	9.352081298828125
2	8.355803489685059
3	8.559481620788574
4	8.015799522399902
5	8.01140022277832
6	8.316227912902832
7	8.156570434570312
8	8.379589080810547
9	8.463138580322266
10	8.770642280578613
11	9.1624174118042
12	8.824188232421875
13	9.110522270202637
14	9.515263557434082
