step	loss
0	8.960125923156738
1	8.427797317504883
2	8.990015029907227
3	8.965075492858887
4	8.784976959228516
5	8.884892463684082
6	9.011228561401367
7	9.924524307250977
8	9.48434066772461
9	9.933199882507324
10	10.072897911071777
11	9.733929634094238
12	10.254076957702637
13	10.671395301818848
14	10.662944793701172
