step	loss
0	10.387126922607422
1	9.419500350952148
2	8.744526863098145
3	8.660694122314453
4	8.812882423400879
5	8.90478801727295
6	9.035426139831543
7	8.807382583618164
8	8.803176879882812
9	9.303860664367676
10	9.362452507019043
11	9.220170974731445
12	9.396310806274414
13	9.510213851928711
14	10.047470092773438
