step	loss
0	10.18016529083252
1	8.418230056762695
2	7.96183443069458
3	8.061209678649902
4	8.347003936767578
5	8.288349151611328
6	8.564812660217285
7	9.082763671875
8	8.472822189331055
9	9.254711151123047
10	9.291823387145996
11	9.267251968383789
12	9.587190628051758
13	9.542243957519531
14	10.047422409057617
