step	accuracy
0	0.621982216835022
1	0.8896124362945557
2	0.9258258938789368
3	0.9442503452301025
4	0.9558449983596802
5	0.9620394110679626
6	0.9650571942329407
7	0.9645807147026062
8	0.9722045660018921
9	0.9722045660018921
10	0.975540041923523
11	0.9782401323318481
12	0.9779224991798401
13	0.9787166714668274
14	0.9817344546318054
