step	accuracy
0	0.7548622488975525
1	0.9364928007125854
2	0.9582440257072449
3	0.9657061100006104
4	0.973009467124939
5	0.9742795825004578
6	0.9780106544494629
7	0.9799952507019043
8	0.9804715514183044
9	0.9828530550003052
10	0.9854727387428284
11	0.9851552248001099
12	0.9861871600151062
13	0.9875367283821106
14	0.9880130290985107
