step	accuracy
0	0.7091550230979919
1	0.9156901836395264
2	0.9461750984191895
3	0.9604648947715759
4	0.9642754793167114
5	0.9697056412696838
6	0.9735162258148193
7	0.9764694571495056
8	0.9790416359901428
9	0.980756402015686
10	0.9826617240905762
11	0.9832333326339722
12	0.9842812418937683
13	0.9849480986595154
14	0.9843764901161194
