step	accuracy
0	0.6697630286216736
1	0.9048469662666321
2	0.9390258193016052
3	0.9548648595809937
4	0.9612957239151001
5	0.9711802005767822
6	0.9703465700149536
7	0.9743956327438354
8	0.9742765426635742
9	0.9797546863555908
10	0.9780874252319336
11	0.9797546863555908
12	0.9828510284423828
13	0.9843991994857788
14	0.9853519201278687
