step	accuracy
0	0.503216564655304
1	0.8253514170646667
2	0.8980224132537842
3	0.9297116994857788
4	0.9387657642364502
5	0.9502025246620178
6	0.9575887322425842
7	0.9642601609230042
8	0.9666428565979004
9	0.9683107137680054
10	0.9737908244132996
11	0.9756969213485718
12	0.9723612070083618
13	0.9773647785186768
14	0.9783178567886353
