step	loss
0	1.177382230758667
1	0.34938064217567444
2	0.23668204247951508
3	0.17668969929218292
4	0.1436149775981903
5	0.12335433065891266
6	0.11679313331842422
7	0.11002646386623383
8	0.0940132737159729
9	0.08550851792097092
10	0.07718269526958466
11	0.07807546854019165
12	0.07392951846122742
13	0.06703772395849228
14	0.06243690103292465
