step	loss
0	0.8961859941482544
1	0.27705684304237366
2	0.1763307899236679
3	0.13395646214485168
4	0.1149234026670456
5	0.09595227986574173
6	0.08556855469942093
7	0.07467963546514511
8	0.0690794363617897
9	0.06678952276706696
10	0.05903036147356033
11	0.05167287215590477
12	0.0503113828599453
13	0.048377104103565216
14	0.04948882386088371
