step	loss
0	1.0321027040481567
1	0.31127604842185974
2	0.20126701891422272
3	0.1532251238822937
4	0.12714453041553497
5	0.10621890425682068
6	0.09483196586370468
7	0.08431638032197952
8	0.08158133924007416
9	0.07428217679262161
10	0.06699536740779877
11	0.06443192809820175
12	0.05923186615109444
13	0.04988974332809448
14	0.04712658375501633
