step	loss
0	1.5173362493515015
1	0.5203638672828674
2	0.305907666683197
3	0.22126273810863495
4	0.1890229433774948
5	0.15922601521015167
6	0.13716699182987213
7	0.12401758879423141
8	0.11042513698339462
9	0.10066601634025574
10	0.09090381860733032
11	0.08191656321287155
12	0.07945889979600906
13	0.07193143665790558
14	0.0690484493970871
