step	loss
0	1.5040431022644043
1	0.5418725609779358
2	0.3451671004295349
3	0.24970760941505432
4	0.20196732878684998
5	0.1696968972682953
6	0.1540968269109726
7	0.13521315157413483
8	0.1215573251247406
9	0.1155560091137886
10	0.0997939482331276
11	0.09109120815992355
12	0.08176427334547043
13	0.07535137236118317
14	0.0728720873594284
